Classes,Modelo,Categoria,F1 sem pesos,F1 balanceado,Diferença (p.p.)
4,Regressão logística,Política,0.9535687453042825,0.9553047404063205,0.1735995102038035
4,Regressão logística,Economia,0.9402339368690915,0.9408360128617363,0.06020759926448349
4,Regressão logística,Esportes,0.9874277947672443,0.9876040074715572,0.01762127043128947
4,Regressão logística,Mundo,0.962015503875969,0.9629915188897455,0.09760150137765322
4,SVM linear,Política,0.9575301204819278,0.9574917093759421,-0.003841110598568065
4,SVM linear,Economia,0.9475204622051036,0.947216428686026,-0.030403351907759557
4,SVM linear,Esportes,0.9906921644948384,0.9903536977491961,-0.03384667456423074
4,SVM linear,Mundo,0.9690042619139868,0.9690282617111885,0.002399979720169032
4,Random Forest,Política,0.9182105738816086,0.9165908401577192,-0.16197337238894605
4,Random Forest,Economia,0.8952654232424677,0.8965405229819717,0.12750997395040153
4,Random Forest,Esportes,0.9740897544453853,0.975394535890039,0.13047814446537354
4,Random Forest,Mundo,0.9240975609756098,0.9150622876557192,-0.9035273319890624
7,Regressão logística,Política,0.9531812725090036,0.9500528142447563,-0.3128458264247347
7,Regressão logística,Economia,0.9173003802281369,0.9099852434825382,-0.7315136745598694
7,Regressão logística,Esportes,0.9857627118644068,0.9857191431485889,-0.0043568715817898784
7,Regressão logística,Mundo,0.9547641963426372,0.9524548806520473,-0.2309315690589897
7,Regressão logística,Tecnologia,0.739413680781759,0.7615480649188514,2.2134384137092455
7,Regressão logística,Ciência,0.7953890489913544,0.7970660146699267,0.16769656785722287
7,Regressão logística,Saúde,0.8167539267015707,0.8036117381489842,-1.314218855258642
7,SVM linear,Política,0.9565870512242752,0.9562076749435666,-0.037937628070860985
7,SVM linear,Economia,0.9250119407737621,0.9256702520468775,0.06583112731153307
7,SVM linear,Esportes,0.9891745602165088,0.9900219854557754,0.08474252392665083
7,SVM linear,Mundo,0.9628913799768071,0.9630775178813068,0.0186137904499728
7,SVM linear,Tecnologia,0.7714285714285715,0.787518573551263,1.6090002122691516
7,SVM linear,Ciência,0.8206521739130435,0.8342245989304813,1.3572425017437828
7,SVM linear,Saúde,0.8214285714285714,0.8255528255528255,0.4124254124254101
7,Random Forest,Política,0.9138993238166792,0.9039735099337748,-0.9925813882904366
7,Random Forest,Economia,0.8343010272443055,0.8376009623646675,0.3299935120361974
7,Random Forest,Esportes,0.9676554382436735,0.9667285931430502,-0.09268451006233525
7,Random Forest,Mundo,0.8942598187311178,0.9001161440185831,0.5856325287465269
7,Random Forest,Tecnologia,0.10084033613445378,0.6332622601279317,53.2421923993478
7,Random Forest,Ciência,0.03902439024390244,0.6666666666666666,62.76422764227642
7,Random Forest,Saúde,0.18433179723502305,0.7117903930131004,52.74585957780774
10,Regressão logística,Política,0.9468628039627739,0.9429220287660863,-0.39407751966875626
10,Regressão logística,Economia,0.9074191502853519,0.8972919418758256,-1.01272084095263
10,Regressão logística,Esportes,0.9843803056027165,0.9841702127659574,-0.02100928367591015
10,Regressão logística,Mundo,0.9368541905855339,0.933020894356571,-0.383329622896289
10,Regressão logística,Tecnologia,0.7218543046357616,0.7388059701492538,1.6951665513492142
10,Regressão logística,Ciência,0.7537091988130564,0.7722772277227723,1.8568028909715872
10,Regressão logística,Saúde,0.7956989247311828,0.7945205479452054,-0.11783767859773198
10,Regressão logística,Educação,0.9142857142857143,0.913946587537092,-0.03391267486222427
10,Regressão logística,Entretenimento,0.9465968586387434,0.9502762430939227,0.36793844551792354
10,Regressão logística,Turismo,0.7620967741935484,0.8168557536466775,5.475897945312913
10,SVM linear,Política,0.9533273110508883,0.9536463838139816,0.03190727630932866
10,SVM linear,Economia,0.9174135723431498,0.9170305676855895,-0.03830046575602486
10,SVM linear,Esportes,0.9866531508700794,0.98698224852071,0.032909765063060537
10,SVM linear,Mundo,0.9450211457131872,0.9448302469135802,-0.019089879960698664
10,SVM linear,Tecnologia,0.7471819645732689,0.7570789865871833,0.9897022013914403
10,SVM linear,Ciência,0.7722222222222223,0.7946666666666666,2.244444444444438
10,SVM linear,Saúde,0.8195876288659794,0.8312958435207825,1.1708214654803095
10,SVM linear,Educação,0.9404388714733543,0.9337442218798151,-0.6694649593539159
10,SVM linear,Entretenimento,0.9593256059009484,0.9610499576629975,0.17243517620491033
10,SVM linear,Turismo,0.8156424581005587,0.8253968253968254,0.9754367296266664
10,Random Forest,Política,0.8976936723832052,0.890043033090963,-0.765063929224219
10,Random Forest,Economia,0.8204283360790774,0.8051855798259634,-1.5242756253113998
10,Random Forest,Esportes,0.9634963161419959,0.9620081411126187,-0.1488175029377259
10,Random Forest,Mundo,0.872234935163997,0.8568552446144554,-1.537969054954158
10,Random Forest,Tecnologia,0.034782608695652174,0.578,54.32173913043478
10,Random Forest,Ciência,0.019801980198019802,0.6267281105990783,60.69261304010585
10,Random Forest,Saúde,0.0,0.642706131078224,64.2706131078224
10,Random Forest,Educação,0.6776180698151951,0.8062418725617685,12.862380274657337
10,Random Forest,Entretenimento,0.8350959655307482,0.858049502855934,2.295353732518579
10,Random Forest,Turismo,0.13725490196078433,0.6807228915662651,54.346798960548085
