experiment_id,scenario,n_classes,model,class_weight,tfidf_config,train_samples,validation_samples,test_samples,accuracy,inference_ms_mean,batch_inference_ms_per_sample,precision_macro,recall_macro,f1_macro,precision_weighted,recall_weighted,f1_weighted,log_loss,brier_multiclass,train_seconds,random_state,created_at,evaluation_split,demo
naive_bayes_none,categories_4,4,naive_bayes,none,"{""lowercase"": true, ""max_df"": 0.95, ""max_features"": null, ""min_df"": 2, ""ngram_range"": [1, 2], ""strip_accents"": null, ""sublinear_tf"": true}",124,28,28,1.0,0.8581714282627217,0.0758285709058067,1.0,1.0,1.0,1.0,1.0,1.0,0.1531591631076021,0.0296602740001308,0.0528149000019766,42,2026-09-18T23:30:14.359737+00:00,validation,True
logistic_regression_none,categories_4,4,logistic_regression,none,"{""lowercase"": true, ""max_df"": 0.95, ""max_features"": null, ""min_df"": 2, ""ngram_range"": [1, 2], ""strip_accents"": null, ""sublinear_tf"": true}",124,28,28,1.0,1.5705035693827083,0.1136357137251512,1.0,1.0,1.0,1.0,1.0,1.0,0.3171979249874367,0.1011342843825635,0.0297102000040467,42,2026-09-18T23:30:14.359737+00:00,validation,True
logistic_regression_balanced,categories_4,4,logistic_regression,balanced,"{""lowercase"": true, ""max_df"": 0.95, ""max_features"": null, ""min_df"": 2, ""ngram_range"": [1, 2], ""strip_accents"": null, ""sublinear_tf"": true}",124,28,28,1.0,0.7049964291841856,0.0723607143819598,1.0,1.0,1.0,1.0,1.0,1.0,0.3171979249874367,0.1011342843825635,0.0133768999949097,42,2026-09-18T23:30:14.359737+00:00,validation,True
linear_svm_none,categories_4,4,linear_svm,none,"{""lowercase"": true, ""max_df"": 0.95, ""max_features"": null, ""min_df"": 2, ""ngram_range"": [1, 2], ""strip_accents"": null, ""sublinear_tf"": true}",124,28,28,1.0,0.926499996109799,0.0575821426796859,1.0,1.0,1.0,1.0,1.0,1.0,,,0.0119555999990552,42,2026-09-18T23:30:14.359737+00:00,validation,True
linear_svm_balanced,categories_4,4,linear_svm,balanced,"{""lowercase"": true, ""max_df"": 0.95, ""max_features"": null, ""min_df"": 2, ""ngram_range"": [1, 2], ""strip_accents"": null, ""sublinear_tf"": true}",124,28,28,1.0,0.7358928570673535,0.0535928577716861,1.0,1.0,1.0,1.0,1.0,1.0,,,0.0079065000172704,42,2026-09-18T23:30:14.359737+00:00,validation,True
random_forest_none,categories_4,4,random_forest,none,"{""lowercase"": true, ""max_df"": 0.95, ""max_features"": null, ""min_df"": 2, ""ngram_range"": [1, 2], ""strip_accents"": null, ""sublinear_tf"": true}",124,28,28,1.0,18.96092142643673,0.7332357147658642,1.0,1.0,1.0,1.0,1.0,1.0,0.0395314706021023,0.0043650793650793,0.1001814999908674,42,2026-09-18T23:30:14.359737+00:00,validation,True
random_forest_balanced,categories_4,4,random_forest,balanced,"{""lowercase"": true, ""max_df"": 0.95, ""max_features"": null, ""min_df"": 2, ""ngram_range"": [1, 2], ""strip_accents"": null, ""sublinear_tf"": true}",124,28,28,1.0,19.570542859063217,0.6677250005720582,1.0,1.0,1.0,1.0,1.0,1.0,0.0358045540592944,0.0038095238095238,0.0690738999983295,42,2026-09-18T23:30:14.359737+00:00,validation,True
naive_bayes_none,categories_7,7,naive_bayes,none,"{""lowercase"": true, ""max_df"": 0.95, ""max_features"": null, ""min_df"": 2, ""ngram_range"": [1, 2], ""strip_accents"": null, ""sublinear_tf"": true}",217,49,49,1.0,1.1769142880921766,0.0446244898461261,1.0,1.0,1.0,1.0,1.0,1.0,0.2486333836915474,0.0583469476095503,0.0139079999935347,42,2026-09-18T23:30:22.284120+00:00,validation,True
logistic_regression_none,categories_7,7,logistic_regression,none,"{""lowercase"": true, ""max_df"": 0.95, ""max_features"": null, ""min_df"": 2, ""ngram_range"": [1, 2], ""strip_accents"": null, ""sublinear_tf"": true}",217,49,49,1.0,0.8294387751410962,0.0628163267107566,1.0,1.0,1.0,1.0,1.0,1.0,0.4252339987046104,0.1411044940822917,0.0296459000091999,42,2026-09-18T23:30:22.284120+00:00,validation,True
logistic_regression_balanced,categories_7,7,logistic_regression,balanced,"{""lowercase"": true, ""max_df"": 0.95, ""max_features"": null, ""min_df"": 2, ""ngram_range"": [1, 2], ""strip_accents"": null, ""sublinear_tf"": true}",217,49,49,1.0,0.7904979598717954,0.0555489796726983,1.0,1.0,1.0,1.0,1.0,1.0,0.4252339987046104,0.1411044940822917,0.0201269999961368,42,2026-09-18T23:30:22.284120+00:00,validation,True
linear_svm_none,categories_7,7,linear_svm,none,"{""lowercase"": true, ""max_df"": 0.95, ""max_features"": null, ""min_df"": 2, ""ngram_range"": [1, 2], ""strip_accents"": null, ""sublinear_tf"": true}",217,49,49,1.0,0.8781061220286909,0.0478469384168939,1.0,1.0,1.0,1.0,1.0,1.0,,,0.0139259999850764,42,2026-09-18T23:30:22.284120+00:00,validation,True
linear_svm_balanced,categories_7,7,linear_svm,balanced,"{""lowercase"": true, ""max_df"": 0.95, ""max_features"": null, ""min_df"": 2, ""ngram_range"": [1, 2], ""strip_accents"": null, ""sublinear_tf"": true}",217,49,49,1.0,1.114861221808218,0.0550204083770133,1.0,1.0,1.0,1.0,1.0,1.0,,,0.0132394999964162,42,2026-09-18T23:30:22.284120+00:00,validation,True
random_forest_none,categories_7,7,random_forest,none,"{""lowercase"": true, ""max_df"": 0.95, ""max_features"": null, ""min_df"": 2, ""ngram_range"": [1, 2], ""strip_accents"": null, ""sublinear_tf"": true}",217,49,49,1.0,22.070708164911984,0.4347224490555497,1.0,1.0,1.0,1.0,1.0,1.0,0.0590240218014905,0.0071201814058956,0.0723984999931417,42,2026-09-18T23:30:22.284120+00:00,validation,True
random_forest_balanced,categories_7,7,random_forest,balanced,"{""lowercase"": true, ""max_df"": 0.95, ""max_features"": null, ""min_df"": 2, ""ngram_range"": [1, 2], ""strip_accents"": null, ""sublinear_tf"": true}",217,49,49,1.0,19.13442244938556,0.4957142857388042,1.0,1.0,1.0,1.0,1.0,1.0,0.0713682584557943,0.0102494331065759,0.0703259000147227,42,2026-09-18T23:30:22.284120+00:00,validation,True
naive_bayes_none,categories_10,10,naive_bayes,none,"{""lowercase"": true, ""max_df"": 0.95, ""max_features"": null, ""min_df"": 2, ""ngram_range"": [1, 2], ""strip_accents"": null, ""sublinear_tf"": true}",310,70,70,1.0,0.8842400000763259,0.0534771426048662,1.0,1.0,1.0,1.0,1.0,1.0,0.3092332101595551,0.080330766390393,0.0133086999994702,42,2026-09-18T23:30:31.753181+00:00,validation,True
logistic_regression_none,categories_10,10,logistic_regression,none,"{""lowercase"": true, ""max_df"": 0.95, ""max_features"": null, ""min_df"": 2, ""ngram_range"": [1, 2], ""strip_accents"": null, ""sublinear_tf"": true}",310,70,70,1.0,0.8028714269000504,0.0408128573326393,1.0,1.0,1.0,1.0,1.0,1.0,0.4695698652493839,0.1569764696306994,0.0317112999910023,42,2026-09-18T23:30:31.753181+00:00,validation,True
logistic_regression_balanced,categories_10,10,logistic_regression,balanced,"{""lowercase"": true, ""max_df"": 0.95, ""max_features"": null, ""min_df"": 2, ""ngram_range"": [1, 2], ""strip_accents"": null, ""sublinear_tf"": true}",310,70,70,1.0,0.7024528558499047,0.0388185714005625,1.0,1.0,1.0,1.0,1.0,1.0,0.4695698652493839,0.1569764696306994,0.0249038000183645,42,2026-09-18T23:30:31.753181+00:00,validation,True
linear_svm_none,categories_10,10,linear_svm,none,"{""lowercase"": true, ""max_df"": 0.95, ""max_features"": null, ""min_df"": 2, ""ngram_range"": [1, 2], ""strip_accents"": null, ""sublinear_tf"": true}",310,70,70,1.0,0.7370242865623108,0.0376957140230972,1.0,1.0,1.0,1.0,1.0,1.0,,,0.0176588000031188,42,2026-09-18T23:30:31.753181+00:00,validation,True
linear_svm_balanced,categories_10,10,linear_svm,balanced,"{""lowercase"": true, ""max_df"": 0.95, ""max_features"": null, ""min_df"": 2, ""ngram_range"": [1, 2], ""strip_accents"": null, ""sublinear_tf"": true}",310,70,70,1.0,0.6975357142177278,0.0423357140139809,1.0,1.0,1.0,1.0,1.0,1.0,,,0.018246799998451,42,2026-09-18T23:30:31.753181+00:00,validation,True
random_forest_none,categories_10,10,random_forest,none,"{""lowercase"": true, ""max_df"": 0.95, ""max_features"": null, ""min_df"": 2, ""ngram_range"": [1, 2], ""strip_accents"": null, ""sublinear_tf"": true}",310,70,70,1.0,18.64892428690967,0.2754457145264106,1.0,1.0,1.0,1.0,1.0,1.0,0.0610674849412042,0.0076190476190476,0.0637441999861039,42,2026-09-18T23:30:31.753181+00:00,validation,True
random_forest_balanced,categories_10,10,random_forest,balanced,"{""lowercase"": true, ""max_df"": 0.95, ""max_features"": null, ""min_df"": 2, ""ngram_range"": [1, 2], ""strip_accents"": null, ""sublinear_tf"": true}",310,70,70,1.0,18.58386857035969,0.2897642856364005,1.0,1.0,1.0,1.0,1.0,1.0,0.0687850842375885,0.0091746031746031,0.0651707999932114,42,2026-09-18T23:30:31.753181+00:00,validation,True
