scenario,model,category,support,f1_none,f1_balanced,f1_delta,recall_none,recall_balanced
categories_4,logistic_regression,Política,3301.0,0.9535687453042825,0.9553047404063205,0.0017359951020380349,0.9612238715540745,0.9615268100575584
categories_4,logistic_regression,Economia,3142.0,0.9402339368690915,0.9408360128617363,0.0006020759926448349,0.9338001273074474,0.9312539783577339
categories_4,logistic_regression,Esportes,2959.0,0.9874277947672443,0.9876040074715572,0.0001762127043128947,0.9820885434268334,0.9827644474484624
categories_4,logistic_regression,Mundo,2569.0,0.962015503875969,0.9629915188897455,0.0009760150137765322,0.9661346827559362,0.9723627870766836
categories_4,linear_svm,Política,3301.0,0.9575301204819278,0.9574917093759421,-3.841110598568065e-05,0.9630415025749772,0.9621326870645259
categories_4,linear_svm,Economia,3142.0,0.9475204622051036,0.947216428686026,-0.00030403351907759557,0.939528962444303,0.939528962444303
categories_4,linear_svm,Esportes,2959.0,0.9906921644948384,0.9903536977491961,-0.0003384667456423074,0.9891855356539372,0.9888475836431226
categories_4,linear_svm,Mundo,2569.0,0.9690042619139868,0.9690282617111885,2.399979720169032e-05,0.9735305566368236,0.9743090696769171
categories_4,random_forest,Política,3301.0,0.9182105738816086,0.9165908401577192,-0.0016197337238894605,0.9233565586186004,0.9154801575280218
categories_4,random_forest,Economia,3142.0,0.8952654232424677,0.8965405229819717,0.0012750997395040153,0.893698281349459,0.8784213876511776
categories_4,random_forest,Esportes,2959.0,0.9740897544453853,0.975394535890039,0.0013047814446537354,0.9719499831023994,0.9712740790807706
categories_4,random_forest,Mundo,2569.0,0.9240975609756098,0.9150622876557192,-0.009035273319890624,0.9217594394706111,0.9435578045932269
categories_7,logistic_regression,Política,3301.0,0.9531812725090036,0.9500528142447563,-0.003128458264247347,0.9621326870645259,0.9536504089669797
categories_7,logistic_regression,Economia,3142.0,0.9173003802281369,0.9099852434825382,-0.007315136745598694,0.9213876511775939,0.8831954169318905
categories_7,logistic_regression,Esportes,2959.0,0.9857627118644068,0.9857191431485889,-4.3568715817898784e-05,0.9827644474484624,0.9797228793511321
categories_7,logistic_regression,Mundo,2569.0,0.9547641963426372,0.9524548806520473,-0.002309315690589897,0.9653561697158427,0.9552355001946282
categories_7,logistic_regression,Tecnologia,339.0,0.739413680781759,0.7615480649188514,0.022134384137092455,0.6696165191740413,0.8997050147492626
categories_7,logistic_regression,Ciência,200.0,0.7953890489913544,0.7970660146699267,0.0016769656785722287,0.69,0.815
categories_7,logistic_regression,Saúde,197.0,0.8167539267015707,0.8036117381489842,-0.01314218855258642,0.7918781725888325,0.9035532994923858
categories_7,linear_svm,Política,3301.0,0.9565870512242752,0.9562076749435666,-0.00037937628070860985,0.9645561950923962,0.9624356255680097
categories_7,linear_svm,Economia,3142.0,0.9250119407737621,0.9256702520468775,0.0006583112731153307,0.9245703373647358,0.9175684277530235
categories_7,linear_svm,Esportes,2959.0,0.9891745602165088,0.9900219854557754,0.0008474252392665083,0.9881716796214938,0.9891855356539372
categories_7,linear_svm,Mundo,2569.0,0.9628913799768071,0.9630775178813068,0.000186137904499728,0.9696379914363565,0.9696379914363565
categories_7,linear_svm,Tecnologia,339.0,0.7714285714285715,0.787518573551263,0.016090002122691516,0.7168141592920354,0.7817109144542773
categories_7,linear_svm,Ciência,200.0,0.8206521739130435,0.8342245989304813,0.013572425017437828,0.755,0.78
categories_7,linear_svm,Saúde,197.0,0.8214285714285714,0.8255528255528255,0.004124254124254101,0.817258883248731,0.8527918781725888
categories_7,random_forest,Política,3301.0,0.9138993238166792,0.9039735099337748,-0.009925813882904366,0.9212359890942139,0.9097243259618297
categories_7,random_forest,Economia,3142.0,0.8343010272443055,0.8376009623646675,0.0032999351203619742,0.8917886696371737,0.7756206238064927
categories_7,random_forest,Esportes,2959.0,0.9676554382436735,0.9667285931430502,-0.0009268451006233525,0.9756674552213586,0.9672186549509969
categories_7,random_forest,Mundo,2569.0,0.8942598187311178,0.9001161440185831,0.005856325287465269,0.9217594394706111,0.9050214091086025
categories_7,random_forest,Tecnologia,339.0,0.10084033613445378,0.6332622601279317,0.532421923993478,0.05309734513274336,0.8761061946902655
categories_7,random_forest,Ciência,200.0,0.03902439024390244,0.6666666666666666,0.6276422764227642,0.02,0.78
categories_7,random_forest,Saúde,197.0,0.18433179723502305,0.7117903930131004,0.5274585957780774,0.10152284263959391,0.8274111675126904
categories_10,logistic_regression,Política,3301.0,0.9468628039627739,0.9429220287660863,-0.003940775196687563,0.9554680399878824,0.9433504998485307
categories_10,logistic_regression,Economia,3142.0,0.9074191502853519,0.8972919418758256,-0.0101272084095263,0.9108847867600255,0.8647358370464672
categories_10,logistic_regression,Esportes,2959.0,0.9843803056027165,0.9841702127659574,-0.0002100928367591015,0.9797228793511321,0.9770192632646164
categories_10,logistic_regression,Mundo,2569.0,0.9368541905855339,0.933020894356571,-0.0038332962289628902,0.952899961074348,0.929933826391592
categories_10,logistic_regression,Tecnologia,339.0,0.7218543046357616,0.7388059701492538,0.016951665513492142,0.6430678466076696,0.8761061946902655
categories_10,logistic_regression,Ciência,200.0,0.7537091988130564,0.7722772277227723,0.018568028909715872,0.635,0.78
categories_10,logistic_regression,Saúde,197.0,0.7956989247311828,0.7945205479452054,-0.0011783767859773198,0.751269035532995,0.883248730964467
categories_10,logistic_regression,Educação,317.0,0.9142857142857143,0.913946587537092,-0.0003391267486222427,0.9085173501577287,0.9716088328075709
categories_10,logistic_regression,Entretenimento,2341.0,0.9465968586387434,0.9502762430939227,0.0036793844551792354,0.9653994019649722,0.9551473729175566
categories_10,logistic_regression,Turismo,285.0,0.7620967741935484,0.8168557536466775,0.05475897945312913,0.6631578947368421,0.8842105263157894
categories_10,linear_svm,Política,3301.0,0.9533273110508883,0.9536463838139816,0.0003190727630932866,0.959103302029688,0.9566797940018177
categories_10,linear_svm,Economia,3142.0,0.9174135723431498,0.9170305676855895,-0.0003830046575602486,0.9121578612348823,0.9022915340547422
categories_10,linear_svm,Esportes,2959.0,0.9866531508700794,0.98698224852071,0.00032909765063060537,0.9868198715782359,0.9864819195674214
categories_10,linear_svm,Mundo,2569.0,0.9450211457131872,0.9448302469135802,-0.00019089879960698664,0.9567925262748151,0.9532892175943947
categories_10,linear_svm,Tecnologia,339.0,0.7471819645732689,0.7570789865871833,0.009897022013914403,0.6843657817109144,0.7492625368731564
categories_10,linear_svm,Ciência,200.0,0.7722222222222223,0.7946666666666666,0.022444444444444378,0.695,0.745
categories_10,linear_svm,Saúde,197.0,0.8195876288659794,0.8312958435207825,0.011708214654803095,0.8071065989847716,0.8629441624365483
categories_10,linear_svm,Educação,317.0,0.9404388714733543,0.9337442218798151,-0.006694649593539159,0.9463722397476341,0.9558359621451105
categories_10,linear_svm,Entretenimento,2341.0,0.9593256059009484,0.9610499576629975,0.0017243517620491033,0.9722340879965826,0.9696710807347287
categories_10,linear_svm,Turismo,285.0,0.8156424581005587,0.8253968253968254,0.009754367296266664,0.7684210526315789,0.8210526315789474
categories_10,random_forest,Política,3301.0,0.8976936723832052,0.890043033090963,-0.0076506392922421895,0.9197212965767949,0.9085125719478946
categories_10,random_forest,Economia,3142.0,0.8204283360790774,0.8051855798259634,-0.015242756253113998,0.8717377466581795,0.7215149586250795
categories_10,random_forest,Esportes,2959.0,0.9634963161419959,0.9620081411126187,-0.0014881750293772589,0.9722879351132139,0.9584319026698209
categories_10,random_forest,Mundo,2569.0,0.872234935163997,0.8568552446144554,-0.01537969054954158,0.8902296613468276,0.8283378746594006
categories_10,random_forest,Tecnologia,339.0,0.034782608695652174,0.578,0.5432173913043478,0.017699115044247787,0.8525073746312685
categories_10,random_forest,Ciência,200.0,0.019801980198019802,0.6267281105990783,0.6069261304010585,0.01,0.68
categories_10,random_forest,Saúde,197.0,0.0,0.642706131078224,0.642706131078224,0.0,0.7715736040609137
categories_10,random_forest,Educação,317.0,0.6776180698151951,0.8062418725617685,0.12862380274657337,0.5205047318611987,0.9779179810725552
categories_10,random_forest,Entretenimento,2341.0,0.8350959655307482,0.858049502855934,0.02295353732518579,0.9107219137120889,0.8662964545066211
categories_10,random_forest,Turismo,285.0,0.13725490196078433,0.6807228915662651,0.5434679896054808,0.07368421052631578,0.7929824561403509
